{
    "xmatch": 9.971751412429379,
    "xmatch-top3": 16.610169491525422,
    "xmatch-top5": 21.581920903954803,
    "xmatch-top10": 27.54237288135593,
    "xmatch-top100": 27.54237288135593,
    "bleu": 42.417877919433124,
    "bleu-max": 60.6442516036165,
    "bleu-min": 20.264291564214258,
    "bleu-avg": 35.976381505018765,
    "code-bleu": 34.37691480393556,
    "code-bleu-max": 54.60324057630555,
    "code-bleu-min": 13.115770951407097,
    "code-bleu-avg": 28.70183454868407,
    "edit-sim": 68.38954802259887,
    "edit-sim-max": 81.19717514124294,
    "edit-sim-min": 51.183898305084746,
    "edit-sim-avg": 64.91850282485876,
    "rouge-p": 69.3415167363025,
    "rouge-p-max": 82.83302562976371,
    "rouge-p-min": 47.55970218464934,
    "rouge-p-avg": 62.648143762268084,
    "rouge-r": 70.52298081240015,
    "rouge-r-max": 82.56855513673719,
    "rouge-r-min": 55.48395085304282,
    "rouge-r-avg": 68.65821191980507,
    "rouge-f": 68.86581895301131,
    "rouge-f-max": 81.52418189978854,
    "rouge-f-min": 50.51355019935263,
    "rouge-f-avg": 64.39747687446126,
    "num-seq": 10.0
}