{
    "xmatch": 8.0,
    "xmatch-top3": 30.0,
    "xmatch-top5": 32.0,
    "xmatch-top10": 40.0,
    "xmatch-top100": 40.0,
    "bleu": 49.15538272066353,
    "bleu-max": 75.45966919253094,
    "bleu-min": 21.94144104571346,
    "bleu-avg": 43.57805678252556,
    "code-bleu": 38.99805309057146,
    "code-bleu-max": 69.28443865162886,
    "code-bleu-min": 13.836419311755673,
    "code-bleu-avg": 33.217285314727874,
    "edit-sim": 73.12,
    "edit-sim-max": 89.0,
    "edit-sim-min": 52.72,
    "edit-sim-avg": 70.82600000000001,
    "rouge-p": 78.68606948606948,
    "rouge-p-max": 93.45151515151515,
    "rouge-p-min": 54.814634488318696,
    "rouge-p-avg": 73.84834733292163,
    "rouge-r": 71.52525252525253,
    "rouge-r-max": 89.6550505050505,
    "rouge-r-min": 53.28102453102454,
    "rouge-r-avg": 71.04506493506494,
    "rouge-f": 74.09400525169497,
    "rouge-f-max": 90.99708861086297,
    "rouge-f-min": 53.901130058029594,
    "rouge-f-avg": 71.51961518266,
    "num-seq": 10.0
}